{"cameraMode":{"drawMode":0,"name":"Shaded","section":"Shading Mode"},"sceneLighting":true,"audioPlay":false,"sceneViewState":{"m_AlwaysRefresh":false,"showFog":true,"showSkybox":true,"showFlares":true,"showImageEffects":true,"showParticleSystems":true,"showVisualEffectGraphs":true,"m_FxEnabled":true},"in2DMode":false,"pivot":{"x":28.56281852722168,"y":-13.53602409362793,"z":105.27778625488281},"rotation":{"x":-0.13116250932216645,"y":0.10781175643205643,"z":-0.014435567893087864,"w":-0.9855974912643433},"size":69.87698364257813,"orthographic":false}