{"cameraMode":{"drawMode":0,"name":"Shaded","section":"Shading Mode"},"sceneLighting":true,"audioPlay":false,"sceneViewState":{"m_AlwaysRefresh":false,"showFog":true,"showSkybox":true,"showFlares":true,"showImageEffects":true,"showParticleSystems":true,"showVisualEffectGraphs":true,"m_FxEnabled":true},"in2DMode":false,"pivot":{"x":132.48110961914063,"y":109.03604125976563,"z":-28.927581787109376},"rotation":{"x":-0.29984307289123537,"y":0.045255012810230258,"z":-0.01428889948874712,"w":-0.9530510902404785},"size":143.2095184326172,"orthographic":false}